wafer_id,lot_id,tool_id,temperature_C,pressure_mTorr,deposition_time_s,film_thickness_nm,defect_count,yield_pct
W0001,L001,A,401.02526792733147,51.167856370651926,61.9526119340982,100.18944985341352,2,98.05751072973086
W0002,L001,C,405.62851251764766,49.281415818425884,62.34226679509028,100.64460770026822,5,94.93344346861909
W0003,L001,B,402.85127151455816,51.18130966138462,60.04800622359865,100.52453388842383,3,97.14826113862136
W0004,L001,B,398.2692890330128,52.217407161165816,58.869873194480725,100.13955966663802,4,97.00546322187645
W0005,L001,A,397.3047559859549,51.640964362394726,60.689958214408676,100.02566124507801,2,97.11891132963835
W0006,L001,A,401.4757575145195,51.014548062214594,58.98342694537184,100.02779273043481,3,96.55025624784436
W0007,L001,A,396.0393003789381,52.133349379178306,63.020080871289935,100.02227703813988,1,98.19845266242532
W0008,L001,C,405.49437629756306,52.33859118089134,60.2048029966241,100.36236223804151,6,94.94300329575864
W0009,L001,B,403.53832036216386,52.764317982075056,59.45201767303184,100.63256469735812,4,95.99216468424936
W0010,L001,B,398.5924730436859,51.297419775179286,60.27702045879736,100.2355606858295,7,94.82591338160114
W0011,L001,A,394.8605964127274,49.66576383936629,57.979310565705454,99.28457868355041,0,96.75091521302767
W0012,L001,C,404.0616171224962,50.293427372866645,58.54257894223402,100.32857109815471,4,95.19048067265211
W0013,L001,C,399.65638046424215,52.41301793301671,61.80062086191664,100.22315936814812,4,96.54555088246956
W0014,L001,A,403.7134489359204,48.36612865802553,59.0146585815429,100.0707227407937,0,98.13435383788224
W0015,L001,A,395.2167170236169,50.7373466177458,58.42963352597709,99.59040466444112,4,95.93194068887229
W0016,L001,A,398.20187493113866,49.21332237534528,60.804979128790926,99.86238326325515,3,97.33279183545308
W0017,L001,A,400.01573109915455,50.05748964586964,61.77855623199449,100.45103485266512,4,96.74547931511809
W0018,L001,B,400.1409417812942,52.556903725214596,61.0784299659976,100.6413224886193,1,97.14414065297593
W0019,L001,B,398.64980358556227,50.382198136039804,61.49407152870872,100.41127838557037,2,96.93616658386061
W0020,L001,A,401.8685497970425,50.092873096312296,58.86480736714581,100.10559044587234,2,97.72336298151014
W0021,L001,B,396.7971387118522,47.280287718040164,57.867283999887235,99.44207857806215,1,96.70202650882479
W0022,L001,A,399.57286154493613,51.49250713205444,62.25200047793323,100.05549070112653,4,96.74498768602201
W0023,L001,A,400.3608868951357,51.29096836228215,59.5159802417368,99.77073263020793,7,95.35082214216058
W0024,L001,A,401.54331650217625,54.32650944661092,59.62375047531743,100.23669927956325,4,96.75607596873292
W0025,L001,B,402.13484463426664,49.384443530093996,61.99229121277359,101.08789882207398,4,94.42614506225999
W0026,L002,C,396.6260737244864,50.43830065532788,60.83434501410099,100.1396163485494,6,95.25178274683626
W0027,L002,A,395.39765748779314,50.49876736742151,60.683831658122415,99.85644563930893,4,96.08860314075898
W0028,L002,B,403.8330304656955,53.15490655952695,63.247503517351625,101.24115895111255,3,95.71055273586956
W0029,L002,B,400.9969420359388,49.809408935226095,59.034722654429785,99.94799280263291,2,97.77796365304349
W0030,L002,A,397.75454039033036,50.55804305154068,61.39176019212186,99.89558098588047,4,97.32305238677957
W0031,L002,B,404.6534559265676,51.21579301943308,60.085519687345624,100.61145587680821,3,96.16877020764612
W0032,L002,A,400.34702390287856,50.37321824631272,60.402888418294886,99.96313555016482,1,97.75697641104318
W0033,L002,A,403.53789155219147,49.10713277089894,62.292702639618796,100.49774086033958,5,96.22754697703189
W0034,L002,C,400.2025554442303,50.38817998579662,60.761753634434434,99.87484215570502,2,97.59809905611118
W0035,L002,C,406.18224377464594,52.14726349971954,60.80744411857445,100.11003073911702,6,96.30178886865356
W0036,L002,C,405.2660225273296,47.94696940117788,61.6087610059647,100.55232425616097,6,95.28157489411174
W0037,L002,A,399.2531075545628,50.26593934829375,59.452570905685675,99.66798668834815,3,96.17302571666114
W0038,L002,A,402.9147128528631,48.599758370121656,58.74118549899149,100.0879614120339,7,94.5778821281704
W0039,L002,B,401.93612784875546,52.390093257849685,58.43278620896845,100.80334390466213,3,95.41023118987599
W0040,L002,B,404.10589467259706,46.95362619043245,57.050465115936,100.04925925511577,2,97.8719148112403
W0041,L002,A,397.10522961825967,48.882156305456824,63.084310694910485,99.59894283746448,4,96.81302981650089
W0042,L002,B,402.0581543799953,50.75442375012904,58.34518745141747,100.28150671269756,0,99.08687301545612
W0043,L002,A,403.17527346054874,53.13104805846868,59.66811956462134,100.52831959335224,3,96.93756915413894
W0044,L002,C,394.72378154073067,49.86849947785402,59.58478005016662,99.76580060445818,2,97.9003800141173
W0045,L002,A,396.45022446200267,48.889600946613605,60.46111004671365,99.49212927207377,2,96.70054696016167
W0046,L002,B,393.8823034667197,53.76231413888118,61.22360581880894,100.21962624440837,5,95.40824059833803
W0047,L002,A,399.1917794966663,47.103972199167515,61.29071023253962,99.91028466225706,5,96.56738126091724
W0048,L002,B,402.1526267673879,45.60238808675984,59.12538384214659,100.26413817419059,5,96.14187456709098
W0049,L002,B,404.5070711562881,50.880028900106666,59.749317429320385,101.2357533204281,3,95.72081820265673
W0050,L002,A,400.22228434125935,48.995891551294775,60.42386992573245,99.73792981924845,4,96.57920152341464
W0051,L003,C,404.8858466367139,47.957534365738574,59.626963310724676,100.18557729149515,2,97.53889999143492
W0052,L003,C,395.8596956253553,51.4167128945987,62.41101836402999,99.94413787490305,3,97.72487387981045
W0053,L003,C,394.88985268193454,50.4876014275424,60.736462427457376,99.76134901366379,3,97.51111160880502
W0054,L003,C,399.8333569033101,48.871842738526546,61.102316679074725,99.95469846660374,6,96.01774833609467
W0055,L003,B,401.1521963468179,47.439391202658214,60.99432190300112,100.54628618008611,5,96.01735802017812
W0056,L003,C,399.9019157557177,51.74491465656029,61.76021078622799,100.0273962810172,1,98.27415573899174
W0057,L003,A,393.79767369988036,51.30040235591732,60.27153233805556,99.62923523548363,3,96.47449741656305
W0058,L003,A,399.73263988146164,49.801648272441234,58.05475207806623,99.67059243295863,4,96.68299325700693
W0059,L003,A,396.08659149848546,53.69327399209533,60.59953192762896,99.99398374892839,4,95.99553296428444
W0060,L003,A,402.0090176464901,47.85983046734769,59.02296465931226,99.90535001764839,4,97.11336579732601
W0061,L003,A,401.09979473829054,46.948949658150525,59.20707497737536,99.97672114487325,2,96.97480390396487
W0062,L003,A,397.18036064101796,48.61618386023751,60.87954602813264,99.8326073277275,4,96.64203043667037
W0063,L003,C,398.4583992479899,49.90882796728901,61.857424607150456,100.17203778187034,3,96.52097768254252
W0064,L003,A,396.8223594343331,50.48667889864539,60.03190736510409,99.7539392608008,3,97.13142160449819
W0065,L003,A,399.8119627081805,49.51752788428734,60.463249518898444,99.6714663018095,6,95.38879694920745
W0066,L003,B,402.8654269615037,50.70411079302859,62.55332241695286,101.15914047088829,4,94.51165345585238
W0067,L003,A,397.04282186099334,47.49692115161911,60.36112976923285,99.55052249556346,9,94.12097681018538
W0068,L003,C,401.51213954655356,52.88752920814652,63.90252467127059,100.39514673279139,3,96.38686353223399
W0069,L003,A,398.40922714488266,49.835697643214864,60.84826446844732,99.85046857829204,2,97.86113565435713
W0070,L003,C,397.62138150321294,52.23459166317625,57.35885586126627,99.68469859213845,4,96.32230115493334
W0071,L003,C,399.67890892013634,50.68545069275541,61.1300124316568,99.55334288339664,5,95.91172195276998
W0072,L003,A,396.89427303274186,50.913506438307564,60.571737577324164,100.47510525177947,5,95.20108922035703
W0073,L003,A,398.33905208395845,51.139534560464405,61.93462913112412,100.34467706107873,2,96.89172141099183
W0074,L003,C,396.40636632223345,50.89541712003463,61.00977202690494,99.75519224543415,6,95.27691137647042
W0075,L003,B,405.89417539874916,51.285445519735084,59.79231602402434,100.82419652025165,3,96.5893154158193
W0076,L004,B,400.1057906559152,52.658305060264865,58.16355264556595,100.27494953672061,1,98.55874909983801
W0077,L004,C,397.90082347602225,50.39304233940294,59.68646511407096,99.76045744762824,1,97.35996306128244
W0078,L004,A,400.6419397322027,51.418007515177024,58.72421931868605,100.06984483946387,2,98.05461026497218
W0079,L004,A,399.66301585092754,49.820528611425544,59.12921482529292,99.9742837986528,7,94.23430184952052
W0080,L004,A,399.3370912014003,52.880234430898945,60.88286760663092,100.15723457808575,3,96.36422380575095
W0081,L004,C,401.8425001001303,48.64721539588146,62.50485675652711,100.21793159660865,3,96.40909285597624
W0082,L004,B,402.2725231301419,53.601880865821634,60.59200729473447,100.68064449502343,4,95.20697226125152
W0083,L004,A,398.4084965571684,49.919684098711315,58.206175406947224,99.61602964029795,2,96.34744137346374
W0084,L004,A,398.27254527806593,47.138449795763904,60.66690400233021,100.08273961577123,5,96.35721191714342
W0085,L004,A,399.1748449085451,50.25620882982158,61.79494722996848,100.27577886963064,0,98.06203150757929
W0086,L004,A,393.0942365057932,48.63789668505024,59.085325643520925,98.70883717130464,4,95.34030730436811
W0087,L004,B,395.4544268134043,51.681287097977446,59.79897424999062,100.14384982331649,9,94.62261655508098
W0088,L004,B,404.1006228023336,48.69475204139522,60.0220322920938,100.68048349942356,5,95.56622829727799
W0089,L004,C,404.9349031405039,49.10763313357044,58.82265253037664,100.07299779760342,8,95.14128423095109
W0090,L004,B,399.25289188133087,46.22091853810894,60.97242065076579,100.21584569412384,5,95.95621902393026
W0091,L004,A,401.7296708891673,49.09538736150185,59.81857777708833,100.31428716922623,5,95.27935870277564
W0092,L004,B,400.9337504636306,45.15224134674209,60.62929866586054,100.54428840982054,5,96.12576099862575
W0093,L004,C,409.2366424253657,46.832194353028555,58.66876173329685,100.179573099051,2,97.08995621474823
W0094,L004,B,403.35872473430373,51.5208293122886,59.34381254951489,100.66699082147964,9,93.18181286484322
W0095,L004,C,399.6162472255577,51.571600317301666,61.08357203674166,99.8021450850644,5,95.92361516417508
W0096,L004,B,397.1333786781987,50.850915123569926,59.44075027186235,99.80316414762868,1,97.35739151750616
W0097,L004,B,395.1806610392273,48.066047713741575,62.59044577685011,100.09194436285445,5,95.93095157357995
W0098,L004,B,400.6103909076017,49.90457728771604,59.4005457215781,100.49651277230555,3,96.72621163401509
W0099,L004,A,397.7309477641471,49.99279492181886,60.33702708862783,100.0493279284969,4,96.8149773554268
W0100,L004,A,395.733238871207,47.683270621614916,61.398886247809635,99.85964066210161,5,95.63265376130911
W0101,L005,A,398.0602813472724,53.0067966035343,57.872451400600454,99.82473973132947,3,96.695834991121
W0102,L005,B,396.75535598915684,51.75472458115134,57.35878678202884,99.92936028783353,4,97.15239884778536
W0103,L005,A,405.0614249052177,49.55807165234067,57.71151552814486,99.98874168632042,3,97.38469008245148
W0104,L005,B,402.64491927084833,50.05377167798906,61.893876155140774,100.8768563395592,1,98.03530491220323
W0105,L005,C,399.97608207605015,50.4167656158951,59.17221278116133,99.92133697334575,5,96.74566845488566
W0106,L005,A,404.4398324166701,45.916530263151415,63.83729892850238,100.84401663861114,4,96.2593265679466
W0107,L005,B,400.2321049229429,49.505645234958806,59.15362860201392,100.4899558574208,3,95.86811869586715
W0108,L005,C,397.4161473960152,48.6360315040044,60.27682695479555,99.77725274081702,2,97.71463346479712
W0109,L005,A,404.569372231809,47.99675998021017,62.31316492885181,100.65332201092156,3,96.33946018604568
W0110,L005,A,401.616730131054,49.43779941422809,63.00913933223868,100.6875991604431,4,95.59939010569916
W0111,L005,A,396.88826153702064,53.59537305369904,63.092255364954596,100.22468850651737,4,96.51438146244543
W0112,L005,A,399.4289839657492,51.28168572253402,61.812549345889714,100.03390028019719,2,98.03192543106911
W0113,L005,C,397.3731452398457,48.857642020434405,61.536093788717196,99.757298741658,2,97.55917428549171
W0114,L005,C,395.851600807107,51.145165562712315,60.88879042380177,99.51015735334485,7,94.32295192334279
W0115,L005,B,402.77853264259494,52.798710873172006,61.167541614249956,100.66131327631787,6,95.37765352521487
W0116,L005,C,405.7282499214104,51.84926736582554,59.1732214255072,100.23562085160535,7,94.74846120703559
W0117,L005,C,395.80429727854255,50.11926073984035,58.77270167486654,99.21216182126261,3,96.31293574499728
W0118,L005,A,401.6889077100717,48.706126444588854,59.99493831388357,100.03409670188164,4,96.50740892400347
W0119,L005,C,398.0480722926345,51.39644662722718,59.74472306621261,99.32638301678232,4,95.78222649427097
W0120,L005,B,398.5386238487059,50.786970770843496,59.32015792600909,100.21777672361746,2,97.7217894191793
W0121,L005,C,398.22281822728337,51.790386440055464,61.04458117118507,99.88712788699898,2,96.94445660449082
W0122,L005,C,397.4080276909606,51.27034360336394,61.43295781285577,99.6892897347068,5,96.84974521878664
W0123,L005,A,400.1455648838345,52.09910543063867,60.132610329437775,100.22238072684495,3,95.97260009313882
W0124,L005,A,397.5071496507669,48.92952957687886,62.216295121582895,100.22192730148298,5,95.684853396593
W0125,L005,A,400.8113704773395,52.63478813126865,58.287466328799745,99.6169372687074,3,96.87543066741976
W0126,L006,B,399.8492856716526,50.3951992093848,59.70951081108042,100.16239517163015,0,98.59728287726148
W0127,L006,C,399.2831558594008,54.15052174525053,58.92476651909579,99.6343116334436,6,95.31093609984647
W0128,L006,C,397.2773090138752,48.621624363820864,57.20019507439041,99.06687624072971,3,96.00155613737489
W0129,L006,A,398.269686008295,53.471927606330496,59.87597897123595,100.11674515378817,2,97.665180858118
W0130,L006,B,402.26617367747724,50.39582156692529,59.817378737425074,100.48248876194238,4,96.00547874694031
W0131,L006,B,401.50275156287313,48.6971639927711,62.270174614863194,100.65065303033444,7,95.26580699256613
W0132,L006,A,397.06733426560436,49.03222833189135,60.946217526832164,99.44912722154359,1,97.8086272229681
W0133,L006,A,400.2979969162877,49.35930538361136,58.46371976350619,99.94734889247394,5,96.62323084647156
W0134,L006,A,402.25416137011536,50.848331892803834,62.78113884950128,100.29166784936281,1,97.21692021907943
W0135,L006,C,394.9917841566359,51.045670976071,61.83155054328803,99.71248545306082,4,96.31528833147014
W0136,L006,A,401.6300805771398,48.85259999212284,60.87314655520292,100.25623742015085,2,97.14228212145862
W0137,L006,B,398.01212872316245,49.95129081547803,59.66027385172525,100.42087360369209,3,96.14215098772476
W0138,L006,B,401.7117960057795,54.28454071722373,58.56084114491478,100.18101675954503,4,96.66286198051884
W0139,L006,A,397.71022253037245,53.455086340201426,59.44168983589342,99.24957074177888,3,95.98066201124476
W0140,L006,C,394.58535369800643,50.87264733934806,61.63312292955628,99.67575237651845,3,97.08860476674725
W0141,L006,C,395.1173726863505,50.0760069563364,62.826879458901914,100.16099779496852,0,97.7717068645906
W0142,L006,A,400.14425483998417,50.240062653436524,62.314865292408285,100.54431537247872,4,96.90634185944644
W0143,L006,B,400.7791675051644,51.227035945460834,59.26672586732059,100.40308346591037,0,97.56813351161152
W0144,L006,A,397.2870501246868,47.95441486960319,58.32057385006648,99.4217380809446,6,95.21573686573375
W0145,L006,A,401.91577737633213,49.48524692515331,60.211329370366805,100.32460364163265,7,95.35640528523486
W0146,L006,A,395.0154398131931,46.66283185224482,57.347340951655724,98.98809181488059,6,94.30038996275665
W0147,L006,B,399.8017606040581,50.798446245210556,60.48475157127717,100.51153597810546,2,97.41239114798992
W0148,L006,B,396.36695140071265,51.29439187940548,59.778596120551995,100.17271343473874,5,95.42815207941331
W0149,L006,A,398.0444916765935,49.03362707540125,59.30094524719764,99.94272355755301,1,98.70732711865489
W0150,L006,A,400.1421960139492,53.14797352658007,57.607945399099805,100.37070034258753,4,96.26223422137785
W0151,L007,C,397.41875990414815,47.548468673995316,60.770400159854574,99.74088606517002,7,94.74085757421958
W0152,L007,A,398.84633336731054,47.07125023958036,59.20094874050713,99.62216530029161,2,96.99700747413621
W0153,L007,A,403.0188784276433,50.44890363711994,58.24512474643457,100.0392774904588,3,97.50732664614581
W0154,L007,B,398.26932439143053,52.09419660522431,55.69160668007753,99.40354947010265,6,94.79203171819795
W0155,L007,C,402.50707633619544,53.367855382915735,59.958727642424044,100.00770645925617,4,96.31607340418121
W0156,L007,A,396.6108794360271,49.08223147426212,62.658377395004614,99.93848609888798,4,96.51541501987371
W0157,L007,B,401.5894125337459,52.15736166686259,62.4918888218218,100.73608283173725,3,95.67821954553033
W0158,L007,C,404.3247058619737,49.92298306099858,59.31435561512059,100.14185960900906,8,95.64004042316004
W0159,L007,A,392.5850664996181,49.65474540011836,59.09668190945733,99.12356552463145,3,95.81508133395037
W0160,L007,B,397.6093142335886,51.767319874973346,60.70316138411253,100.52035023449467,4,96.4913881116966
W0161,L007,A,401.7312163815416,51.30464575682684,58.50242184121756,99.99796871715789,2,97.70229750241334
W0162,L007,B,399.390863841871,46.847215686031504,60.4526878497292,100.2591480556704,3,96.34675530795455
W0163,L007,B,401.1134376201139,52.95308069945179,61.14912041757704,100.59998293739933,3,96.42704312051445
W0164,L007,B,398.18804443985255,52.760182708294906,61.84039983582646,100.539735153508,7,95.09431920544577
W0165,L007,A,400.2597693624187,48.74887459698094,59.84976888528007,100.13023970607006,1,97.79958168517277
W0166,L007,C,399.5329682938238,50.79160706687482,59.69448937473455,99.62629835733809,1,98.19811450173121
W0167,L007,A,403.5033461849794,50.98806037256548,58.68302611986516,100.02024934254408,3,97.63645848533804
W0168,L007,A,400.7632625299036,50.52134753164781,58.75967946894021,99.86711775885921,5,96.54999873796022
W0169,L007,A,401.0128079862256,48.89938969230916,59.66028166214771,99.73806594443039,3,96.60585074717997
W0170,L007,B,398.7643691016326,48.6567532641239,60.55104826022427,100.11312634533692,2,96.92432716170494
W0171,L007,B,398.5371813277825,49.948891858017106,61.370376939349875,100.30064231997615,5,95.58243541334723
W0172,L007,A,398.7023254365411,52.34545803851873,58.795231573979486,99.99685540109893,3,97.24434695165208
W0173,L007,B,401.18335642713487,51.087200309188866,62.239032853439284,100.79848073165955,3,96.46471647877472
W0174,L007,A,398.7370465575392,49.25877133582779,59.593314598436145,99.86664259876382,2,96.35418541613636
W0175,L007,B,400.86932457068923,51.54339742129669,59.967949058477345,100.63218136774492,4,95.93732575790021
W0176,L008,A,406.2262023959363,44.302914758739846,58.879182481278264,100.16521117451062,5,96.13079120324885
W0177,L008,B,402.61337411029507,52.297531400744205,56.363639609590585,100.26972559398259,6,95.33755715906311
W0178,L008,A,399.0219294034965,46.5205724424438,61.326068094541576,99.95585534631152,2,98.19266333508176
W0179,L008,C,403.6036417664918,49.275118117193735,61.10526584563865,100.30224925619171,3,96.99819092969538
W0180,L008,A,398.77577388093533,47.760660210747716,59.57800866432268,99.66769102499366,2,97.85632518403283
W0181,L008,A,393.88562639446644,47.410637048558186,60.10048607583731,98.95746412045926,3,95.790976684376
W0182,L008,A,396.9757410672478,52.321653574757036,60.77390882655615,99.89372211937201,6,96.14120528949988
W0183,L008,C,394.3876242369224,49.06459759737622,57.656181214670184,99.3762392398555,9,94.51902028509035
W0184,L008,C,398.94545954787606,50.69300776346143,59.20642098398056,99.87644059525991,5,96.75757543894822
W0185,L008,A,400.0552551375687,49.90615884224163,61.19139701943274,100.3376523155229,3,96.19874642465817
W0186,L008,B,405.0293119368258,50.95408165444624,58.118565865246126,100.80242145277023,5,95.16025621790452
W0187,L008,C,400.98078212129246,50.15364378212051,60.440336898249946,100.00364382914928,0,98.32304505229595
W0188,L008,B,399.34269841357343,47.43401555162286,57.965127293064896,100.01571475628347,1,98.275769559998
W0189,L008,B,402.4882167435505,51.99253363889428,60.69964497365029,100.56926036640202,8,94.56006433782485
W0190,L008,A,393.36659407297634,49.01248683367737,59.946537776553775,99.37007209282947,3,95.9746401743825
W0191,L008,A,400.7068436743257,46.8868362026805,57.57730227614174,99.7955830831177,5,96.03861895669972
W0192,L008,C,402.3125955816609,49.143769678068175,61.74710903168576,100.45975070811097,3,95.58833548418878
W0193,L008,C,395.56424126266046,53.001519581268624,58.89811263480293,99.42506914949104,2,97.6310554822902
W0194,L008,B,403.4312621296208,51.70044348422699,58.78462134447843,100.43963098326358,4,95.91625569974535
W0195,L008,A,401.01548922248327,49.30269573118428,60.300853795846415,100.09652805700706,1,97.96209830151378
W0196,L008,A,398.7541362582976,49.30148459136314,61.72295602414307,100.2063715110877,3,96.74752932970074
W0197,L008,B,401.8983455983188,49.35672989756524,58.47626727153241,100.01095065414964,0,99.05987300252714
W0198,L008,C,406.8120785734132,54.153495967121685,60.09251977477196,100.07143734723188,7,93.84552196262305
W0199,L008,C,400.5455987651755,50.763870904463104,60.64322475049586,99.88364362850912,1,97.90206718304798
W0200,L008,C,400.74466175890103,50.860083294382136,61.03965841089472,99.81599196366808,1,97.77628097765285
W0201,L009,B,398.62191730137926,52.060566908063684,60.26466233291584,100.23170183177268,1,97.54513960807694
W0202,L009,A,397.45046689160563,50.47757831805303,59.44945824137502,99.71474362607155,2,98.12080562410367
W0203,L009,A,402.4910074496327,49.48191570835859,58.75861466902692,99.9441221457,5,95.73928184541212
W0204,L009,C,397.4317485222734,49.607300301830044,60.12921582456956,99.93875829667927,4,97.01240804463296
W0205,L009,B,400.2146987116582,49.856797481171874,58.39179148202159,100.23524375213086,4,96.59583389179602
W0206,L009,A,398.56702765970465,49.92555552698032,55.61797427475809,99.41738066347891,3,97.08161642244245
W0207,L009,A,401.43693947723915,51.45525908727396,60.6548397062365,100.36163512435441,2,96.83244330838595
W0208,L009,B,401.00098631586087,50.1038917716146,61.355902261629296,100.36813730625666,2,96.79175078293012
W0209,L009,A,403.1126198327737,51.465280154431156,56.455601346687246,100.07546251034134,4,97.15747994132909
W0210,L009,A,398.4699508034358,49.838566839782835,58.48540394293509,99.67584868531348,4,96.52367907654123
W0211,L009,B,399.1903751941199,50.157270380632184,60.928731391507796,100.53549201737773,1,96.63494090580834
W0212,L009,B,397.06370885265306,46.003598630935784,63.086243204567545,100.15118240508039,3,96.6989286066719
W0213,L009,B,398.6671202197717,51.832655349404966,60.031190561513114,99.99134039224225,1,98.23279979761473
W0214,L009,A,401.13190147913457,50.692976951795984,58.9079955881563,100.1438788290684,3,97.39622751589123
W0215,L009,B,402.27096584993603,51.996020219719306,59.72565533834274,100.63391842040708,4,95.59968256891503
W0216,L009,A,397.2335040274671,44.20748924361262,62.06231462872228,99.67197244408091,6,93.94923893798861
W0217,L009,A,402.608817760317,54.17674940956145,59.0310537313132,100.04380173461483,4,96.90904951133072
W0218,L009,B,404.06691357641483,49.72082074368965,58.80121199002462,100.74821010410977,8,93.39198753009629
W0219,L009,B,401.2403047096711,52.216365633475036,59.27588471672695,100.19093913321171,4,95.46220364108474
W0220,L009,C,405.6303874376742,47.92018814574894,58.570007087611934,100.39497208055101,8,93.00987054084672
W0221,L009,B,397.6786324026893,51.22554781012514,60.184005473992194,100.0430135364684,4,97.0553741863368
W0222,L009,B,396.2660358900657,47.89316887365269,62.43701768770434,100.40819844506103,4,96.27447059112924
W0223,L009,A,394.66383925328716,48.75246207860839,60.48461890967404,99.52811157663231,5,95.57090570160265
W0224,L009,A,404.48813293446756,53.82806270773357,59.62146974681057,100.54910637182316,7,95.38558453529359
W0225,L009,A,401.9630969690622,49.61863519847331,59.562283096626686,99.98425798465153,4,96.99977192309339
W0226,L010,A,399.83324598726864,50.43486574635945,57.65521378695502,99.68577272459243,1,98.48107729087187
W0227,L010,C,400.8399058789595,51.740135461377506,61.32466466572074,100.1365401291237,2,96.73978410896805
W0228,L010,A,396.62353285810485,50.99136377594521,59.883244204480796,99.54517535530815,5,95.68693511439278
W0229,L010,C,407.3372559388505,50.300837810287156,59.72928012961406,100.56168409405436,0,97.01762239966077
W0230,L010,B,400.3876635459257,50.72992200493245,64.7896613517673,100.87502739273978,1,96.88527596278452
W0231,L010,C,400.3281843838147,54.80683117047655,60.44812936254853,100.0285152262573,1,97.8914738016079
W0232,L010,B,402.17729987169605,49.88476240593283,58.872313424857225,100.18653459797483,3,97.23946530106174
W0233,L010,B,401.44302769521016,50.40219809342994,59.360463605691685,99.88829705934364,2,97.48873841178332
W0234,L010,B,400.6716520728374,52.101308792015224,61.72266856379513,100.63528610472281,4,96.24936024347258
W0235,L010,A,397.62857663366407,52.21105186591597,60.16990561580665,100.37952944489,2,97.49628473270144
W0236,L010,B,401.414405071408,52.37406061112076,57.84258303252395,100.43240504552874,4,97.25857828405708
W0237,L010,A,405.6460734894251,51.27746044405837,61.3788434018628,100.65161882475242,8,93.96040908265404
W0238,L010,A,404.0362601384649,47.713990174539035,58.99778387169151,100.08147641507469,4,96.13171695157719
W0239,L010,B,404.77955987991817,53.26686306460219,62.80994666432632,101.17205746061309,1,96.7665728549225
W0240,L010,A,398.46635297070645,47.707309213962624,61.620072098571974,100.11235998893908,4,96.16402799970334
W0241,L010,C,397.0311855392243,50.60527093047806,59.329017156511874,99.31397246677194,4,96.6177473443446
W0242,L010,C,399.6226392397011,48.491448299961284,61.92152454260267,100.22800187222101,3,96.73478873386217
W0243,L010,C,400.16717473686606,49.87172330681401,60.101783265791106,100.01481593313689,0,98.19943269629873
W0244,L010,A,403.28257455541285,50.65752482060696,61.279160512683326,100.57946811571482,3,96.21898040056666
W0245,L010,A,394.92260611085555,50.64271443090055,60.727099225941714,99.78803697667041,5,96.35485308374031
W0246,L010,C,404.58865095838183,50.84384150847057,58.73046501751369,100.0939864555651,4,96.50834276170615
W0247,L010,B,399.52597630426305,53.227422538117295,59.03467525152381,100.42763405786077,2,96.76600572050188
W0248,L010,C,398.71935679015775,50.90706860302796,61.54494122637174,100.07851637521635,6,96.53845630855214
W0249,L010,C,396.9636868742195,49.511686729418706,59.49783700184019,99.46137784985272,4,95.6255684994924
W0250,L010,C,395.0354299844027,51.92817433657672,59.394527305137004,99.32330255088658,4,95.9057460980804
W0251,L011,A,402.46951175188576,52.37894097784928,58.56731613097597,100.11737836425586,8,95.08529903869808
W0252,L011,A,400.2199539015652,47.54478436972602,60.63539859839019,100.32999170532285,0,97.28834239840404
W0253,L011,C,396.1301173007768,51.194800139699716,63.09378737886472,99.69968645858611,4,96.57975400100631
W0254,L011,A,396.11476368380914,51.4023454846218,58.39870062861859,99.24559048152715,2,96.16715474009234
W0255,L011,A,398.9926459021296,49.404872993280016,60.03632918500914,99.93886953241717,3,97.48803482931761
W0256,L011,B,405.0070645758682,52.75141362662324,62.118330833123146,101.09748481521413,1,96.25169271578355
W0257,L011,C,399.22122594590917,49.69988882593495,59.88053791313143,99.79902762290062,4,96.80521766340517
W0258,L011,B,395.49057114064567,50.251152906943084,60.678557694374604,100.1269978413666,1,98.45051912350743
W0259,L011,B,399.2627708077422,49.65385635143226,58.40640970777968,100.04476606916893,3,97.52699897981368
W0260,L011,A,399.181829290757,50.03115809516294,60.642460645811475,100.31054905133325,6,95.55299946251915
W0261,L011,B,391.9093400711753,47.8074498262096,59.71928360249318,99.28310393708418,5,95.27407425303616
W0262,L011,C,399.8371154004466,47.11989823481141,61.47859499351979,99.7622981733464,1,97.47654801984825
W0263,L011,A,399.30719640937394,53.18901012644994,61.78107907734713,100.23332455379526,6,96.25552788085425
W0264,L011,B,402.0886190944403,48.306077303363345,63.88434546302792,100.60375553998864,3,96.07574574192981
W0265,L011,C,405.546868284836,48.01721530108738,60.86944975982036,100.30342901211154,3,96.26735214868116
W0266,L011,B,403.37969508864325,45.693219772792574,60.48869447487325,100.88210957040563,5,95.52415298302965
W0267,L011,B,399.1933339283355,48.72207650462099,60.291576452366,100.28629548134857,2,96.85837702078845
W0268,L011,B,396.680422273775,47.353820413185005,59.47025056078397,99.98761864273537,6,95.31011062254939
W0269,L011,A,407.7200794097496,53.28403032027274,60.50772576519254,100.52502140117674,8,93.54817218750303
W0270,L011,A,400.1776553020435,52.019634178685266,59.556897884791454,99.89835691409111,2,97.23657337717907
W0271,L011,C,400.04178787573886,48.62369930964455,60.25269146440442,99.76733770901218,2,97.27944773886637
W0272,L011,C,399.92762473867,54.50487161068862,61.97639630341194,100.15298066447244,2,97.53796906646342
W0273,L011,C,400.59425428230355,51.96353097398319,58.49018615208054,100.03159736905418,5,96.68773627928472
W0274,L011,C,399.56691876422815,49.35033723298275,61.70981784169357,100.11257997127598,4,96.82835299630172
W0275,L011,B,398.27901397935926,45.00118857025286,61.9756726010098,100.07714589619009,3,96.96198881479532
W0276,L012,B,398.3594231762788,54.58188514518148,59.82289720951338,100.38425902928576,16,90.73979132666723
W0277,L012,C,399.901740189352,47.22085506647281,56.817217651487105,99.47647533502014,11,93.17684913648176
W0278,L012,B,398.3697256865987,46.709202506086214,59.08826701935835,100.23947598013774,16,91.64891390529898
W0279,L012,B,397.8614626519685,52.04514086401928,61.94549181984166,100.78983839377273,20,88.61535102721433
W0280,L012,C,400.3192906830757,54.87950481267855,59.965697906551675,99.81479330944703,9,93.99318654423122
W0281,L012,C,399.2350683477374,52.768545637021035,58.50104665155764,99.52981593287447,11,92.48934611890658
W0282,L012,A,404.5119789657481,51.127818240104716,59.24283761815767,100.05241780685898,12,92.31449599956309
W0283,L012,A,392.04709057482097,51.18950868333057,61.26093003975683,99.50396013943504,11,93.2878870033438
W0284,L012,A,403.27452055576737,51.70683111756062,60.82010035230207,100.50485029515373,15,91.4331689076353
W0285,L012,B,403.7382555774929,51.51785717957353,59.64160185124546,100.8490552870539,9,93.71981541808864
W0286,L012,A,393.77982930277557,50.56238284793875,59.449763382277965,99.43803923080506,11,92.81131735379005
W0287,L012,B,398.971937217759,50.20840220790375,59.412362776434264,100.13952107217897,11,94.08604208633112
W0288,L012,B,398.8856774020126,49.87481374420096,58.616384723252246,100.12141636972707,13,92.26224110903512
W0289,L012,A,395.7774649158465,48.49207082226665,62.42306353420416,99.74069836171421,13,92.81647265266066
W0290,L012,B,397.6665499372274,49.43864984626645,59.51651929618299,100.5063735502471,11,92.92298029220869
W0291,L012,A,396.66827246360253,46.61408637160923,61.825737781238246,99.52944071656145,10,93.13115347753408
W0292,L012,A,405.25681133027086,49.8033207464105,62.281974077883675,100.72542953393916,15,91.17574971293189
W0293,L012,C,402.8070351794424,48.022817785698166,61.49746634722194,100.5996645534389,7,94.83522059521532
W0294,L012,A,403.8146652849825,47.79282136556846,59.35256953092293,100.1626261763884,10,93.9833349679674
W0295,L012,A,402.1650161921297,50.35978830230696,60.60559513550491,100.21865855369988,9,94.22824894658824
W0296,L012,B,396.6128446863483,52.7840045726892,59.96370659041363,100.08670341837608,10,93.8770093570903
W0297,L012,C,398.4264392011607,51.83663321200463,58.64444720890481,99.58046946116909,14,92.89074934983813
W0298,L012,A,401.46812368368376,46.858998792753646,60.486538922582405,100.3561742241225,15,91.91471925365109
W0299,L012,B,396.33361657332415,48.02074372685932,58.23144031326029,99.34271209299705,5,95.8226679590892
W0300,L012,A,402.1389952905172,51.88154237597643,61.78151908269235,100.74803492470303,14,91.35825766945806
W0301,L013,A,399.2790238055256,48.03502521292338,59.30307405405241,99.514950116826,2,97.52151874048954
W0302,L013,B,398.8755375773512,49.55073370000595,60.30173948380926,100.2294432893985,5,96.23366544091752
W0303,L013,B,402.1328799046105,51.1001041980491,60.42493180731921,100.51877645112889,1,97.44057063503236
W0304,L013,B,401.3327899344581,48.06331109027273,59.611642539443885,100.46963028615224,5,95.53466149398436
W0305,L013,B,398.9171015025428,50.21075101229192,60.88004070221291,100.05567066446096,4,96.5927365338155
W0306,L013,C,403.47798941009273,47.33194901016359,59.28764451506621,100.05514949813666,6,94.14860773429697
W0307,L013,B,396.7568100172003,48.79726471209757,61.30694594618586,100.61615818093861,8,94.2659106025225
W0308,L013,A,401.8478068208328,50.63956386828507,57.98103047962988,99.6521003183522,3,96.48828234196746
W0309,L013,C,401.77930377390516,46.81401253293666,60.18956936931962,99.95745423574094,4,97.44528008203056
W0310,L013,A,399.071360682058,50.8809494759208,62.90839349858743,100.16874812311346,2,97.40717428766972
W0311,L013,B,400.97839906672635,49.96072440214664,58.49950301309164,100.33221146021212,6,94.80686453797797
W0312,L013,A,396.2466592708441,51.104979908834295,58.98338254421272,99.61471759972125,5,95.76272104260144
W0313,L013,A,402.7720810576207,50.44782826812932,60.770861774488374,100.19940736378328,4,95.9376506209288
W0314,L013,C,399.44529359067104,52.72828085994769,60.2693726729094,100.01737109077546,0,98.71585839892569
W0315,L013,C,398.4318309384429,50.25044900529581,60.52594514891034,100.15604298506089,4,96.65822210009667
W0316,L013,B,403.14702767751066,49.141188917749496,60.7337806952215,100.62587080681445,5,95.9778748473768
W0317,L013,B,397.88696892837174,50.244595006064564,60.952082202842654,100.44649681722242,3,96.21876292348581
W0318,L013,A,395.77461611090934,51.08659605807278,61.664549762934335,99.63565855059281,1,97.62979430882544
W0319,L013,A,395.3301124794283,50.09772014065141,60.61472798539277,99.51182068545734,3,95.8816739248355
W0320,L013,A,401.8180298540369,50.081183382407765,59.63811351807219,100.19893276753992,4,96.81202806991446
W0321,L013,B,396.15871194251116,48.596016624386486,61.0088605518041,100.41846392605618,5,96.00727887895265
W0322,L013,B,405.2643825459531,48.6741981648981,62.84982290234282,101.14447796666146,2,96.47452895052002
W0323,L013,B,393.7542117763488,47.19478945640061,59.80104938042614,99.67969494534643,8,94.51644345009419
W0324,L013,A,405.0893691048701,53.49915348637388,58.53820604299404,100.33656713922478,3,96.95350587832466
W0325,L013,C,400.63305240160787,47.51227352921743,61.66062100393046,99.77520537168286,3,97.68241600017375
W0326,L014,B,399.7098606643888,48.61418960440818,59.8194282540696,100.38444899704278,1,97.44611407502765
W0327,L014,B,398.36524273957315,48.563185468861604,56.74099568097895,99.96150107741386,3,97.17312388475167
W0328,L014,B,401.1974083430562,51.78984875388888,61.27113251572563,100.56160596538163,1,96.83300969195133
W0329,L014,B,399.8870958927255,49.410100643415944,59.19700772106911,100.1329031876969,4,96.10638569396455
W0330,L014,A,403.3099056460496,52.49548414534747,59.86420007654376,100.37653663116004,5,95.84706268915461
W0331,L014,A,400.3426829459861,48.65301875151226,60.49797049585352,99.95941771051857,5,96.75326802597323
W0332,L014,C,400.4509052843856,50.55798832444761,60.2857495196686,99.92387549191933,3,96.93051017817741
W0333,L014,A,398.90916336335846,48.32930589348049,61.06417772570856,100.41025793079142,4,96.08973221839423
W0334,L014,A,399.8291631288368,54.29029825554677,59.346770444145236,99.98724931112156,4,96.4812565510937
W0335,L014,A,400.92340530667616,47.624803161940974,60.76965869726413,100.02330753265977,9,94.1546526253861
W0336,L014,A,394.8694948220301,50.61964142045405,59.610679983624124,99.43192206528387,5,95.71579220619506
W0337,L014,C,395.95544373368284,51.2675537618642,61.108215721331256,99.84628639241029,4,95.76691484830303
W0338,L014,B,402.22979228206816,50.827598194903,60.92305122601958,100.62773264089127,4,96.58719061926385
W0339,L014,B,400.5125963143838,49.62942468224458,58.596841946933104,100.08163687158572,5,95.8193246050324
W0340,L014,A,399.44804999094197,49.74035860053315,61.62897317426255,100.40779234465747,1,97.92160092913011
W0341,L014,B,400.0553017991962,50.087622943958216,59.196054832328926,100.54450001303664,2,96.31160068565909
W0342,L014,B,401.04274511608503,49.70599599674302,61.21208669742172,100.44996517973195,6,95.59446184959477
W0343,L014,A,398.38072095907194,51.92775823358982,60.55093097010201,99.62109414987356,4,96.58128528375552
W0344,L014,B,397.66508582379305,54.4210460031827,62.75727551519268,100.82821404578942,4,95.89824418105565
W0345,L014,A,400.58753576529307,48.88501642998433,59.66480102644222,99.83640351214405,4,96.00646995367296
W0346,L014,B,397.0648816671549,47.260394040841845,59.4760248058227,100.12825045112892,6,95.77087355344433
W0347,L014,B,401.22475826714344,49.823435903297494,59.9708705911684,100.04516744586823,5,95.60427097259092
W0348,L014,A,394.8922491872865,55.159418675308636,59.54523032574859,99.87010960199189,4,96.41774989484216
W0349,L014,A,403.08746691197695,48.39265086406054,61.19991285291307,100.1005320353734,3,97.54406810802959
W0350,L014,B,401.41779244723915,53.27823361088814,57.57553408734512,100.4169873184005,7,95.24796618145476
W0351,L015,B,400.7680892029416,53.35540162815288,58.41947637128047,100.32530096320085,6,95.4172303154292
W0352,L015,C,402.94807295183654,48.89282351658401,58.39829561763121,99.66963813188086,2,96.7161624702956
W0353,L015,B,404.9964233333877,51.13796615837055,61.42546138796036,100.873500955392,6,95.0745927096167
W0354,L015,A,403.0431101950544,53.256793246257075,62.56592005887289,100.78632671144815,3,96.21609856511122
W0355,L015,A,394.47737730600505,49.24174451802502,59.84332617219379,99.53782055130746,5,94.53522686245374
W0356,L015,B,396.1612690997929,49.59283927979528,59.74676741521498,100.1171813922976,4,96.95069724240115
W0357,L015,A,398.125544266913,48.83663817210271,60.10507824466977,100.2230401927796,2,97.32023535172962
W0358,L015,B,400.0782731506325,47.97048653861427,61.74281745391229,100.1916662203363,5,96.62122615958798
W0359,L015,C,401.5529770614074,48.70144490986799,58.60897029871414,100.09180046304805,4,96.04220418492095
W0360,L015,B,397.8227685605396,47.55211946647549,60.357553474102176,100.16616267323434,7,93.56225288552078
W0361,L015,A,400.5603002934312,50.06816693651845,61.46279644467364,100.04264779526626,1,98.13836457485307
W0362,L015,B,397.73385120294006,48.460053537882715,60.75164125490977,99.94664392781304,2,97.68175455171662
W0363,L015,B,398.16544659102414,50.467571823581494,60.284372424898116,100.21356349482174,4,95.59838799241068
W0364,L015,B,395.7800167094553,46.888208707592746,61.50156913885071,100.28356591703118,4,95.87047112662928
W0365,L015,C,397.2303002616673,50.661760464428916,55.945151560501145,99.13618519805088,5,96.59103110952101
W0366,L015,A,395.944946183151,51.66705792321785,61.01681297929636,100.14985597591364,2,97.26736752182673
W0367,L015,C,397.072380241068,46.01252871485709,59.01888647530886,99.0881975197579,1,97.32131651189759
W0368,L015,C,403.16092538982355,50.74811313969514,57.254050654715314,99.79338571437337,1,97.47673294356386
W0369,L015,A,397.1518033335042,52.45533798494658,60.766803899287474,99.68734218526059,7,93.92965917288612
W0370,L015,A,407.8971461945122,47.58071796261759,62.06048781774444,100.87917814909383,10,92.85985709768946
W0371,L015,A,401.47995370264266,53.34514477367541,59.79382722805846,100.37138738480816,2,97.02153285808716
W0372,L015,A,400.55450837108464,50.83803801873209,61.42931182080441,100.15686687000905,3,96.76182063665495
W0373,L015,A,397.42492665945633,48.589976288483186,62.418417386982966,99.52106073652352,1,97.41795246607504
W0374,L015,B,402.100929638227,49.888461844684585,61.97237168037607,100.79120245740312,2,96.78269118693908
W0375,L015,A,398.2730865212867,51.11665382504344,62.45994679405709,100.2778878620878,1,97.64147608986774
W0376,L016,A,400.3660294439361,50.152010782824824,61.11319123660784,100.24828457838491,3,96.22005542196443
W0377,L016,C,407.68025361480636,51.07751198489274,60.113150458352386,100.757480142098,6,95.13411622526336
W0378,L016,A,399.71182030082605,48.158652813841265,57.59705128215425,99.41914062641003,2,95.92828287403081
W0379,L016,C,403.447819978857,50.33872164807216,59.63090626780508,100.22773922097743,2,96.30153420618498
W0380,L016,A,397.89047072462233,47.17257100619004,58.73513010702571,99.83313190349416,2,97.76934853154377
W0381,L016,A,399.89503452850914,49.7775478773026,63.25641407624672,100.01998137094812,4,96.92953249092994
W0382,L016,B,405.31240190690653,48.19218471707042,59.736171281351496,100.7530286130106,5,95.31766798185026
W0383,L016,B,398.1190988266367,48.528940114820465,60.18480721017673,100.07673700859522,7,94.5601913373082
W0384,L016,C,405.43734567399076,52.47218635042088,60.827228064060705,100.44211607749884,4,95.81550523666435
W0385,L016,B,402.12325580636644,52.18262024118854,60.065403669558684,100.66272280879969,3,96.22335925559713
W0386,L016,C,398.3125996723172,51.21827624181435,62.54257656064613,99.95921973549464,5,95.40311669830652
W0387,L016,A,401.8972232171666,47.815374470654845,59.066025957398324,99.83902059054846,2,97.03731037964653
W0388,L016,A,402.9176633488802,49.3671831006104,60.29191118285586,100.25628838636905,4,96.71861910544548
W0389,L016,C,401.8654298866516,52.42619539995837,58.88629412145293,99.72092635973266,3,97.52876431382381
W0390,L016,C,395.2893258403286,50.28343382727981,58.019966233168944,99.0268800042479,5,94.8725386287682
W0391,L016,C,397.8185884725254,54.63865907996339,59.082346363642074,99.84040307042928,5,96.43672786167318
W0392,L016,B,399.2574440933455,50.78663567878874,59.944444804427384,100.07776916733084,2,96.54964696390925
W0393,L016,A,399.77669971269984,50.384098232980065,59.35604666322411,100.04964702377413,3,97.42014919202785
W0394,L016,C,401.862016292652,49.381767071595,58.96136853018922,99.94829679775351,3,96.68598194994048
W0395,L016,A,400.53310300279975,50.267081809564566,57.89052380449225,99.45236220529188,1,97.54650745470424
W0396,L016,C,395.9939669238697,49.69506032723891,59.875341641056956,99.36989723018645,4,95.8200004671039
W0397,L016,C,401.1405935530179,51.41621735337718,57.7429194389535,99.95170621812665,3,97.75225446664389
W0398,L016,B,401.83175723585146,51.91340463358917,61.14008394553441,100.49451968511198,2,96.56935855369565
W0399,L016,C,401.6793713437931,48.4280210789841,60.12365962940176,99.8591486429393,3,97.29478152030809
W0400,L016,C,403.24234217666384,47.33753409288445,57.8136727508026,99.85956630566633,2,97.29172583515133
W0401,L017,A,402.50176646364673,46.327589253793406,59.53618638442521,100.19098946269308,3,96.84165990576348
W0402,L017,C,401.3775402376853,51.015982653825084,58.871765391614126,99.80498676841437,2,97.27405717551763
W0403,L017,B,399.78950286562406,47.79326678765225,60.47876176562877,100.2049076058166,1,97.38127432077302
W0404,L017,C,395.017117199452,45.69421881409504,62.01067566903472,99.84795099300287,4,96.51049170865011
W0405,L017,A,401.28885465739774,50.777157209061926,57.187241295531386,100.13667197708696,6,95.60466951643473
W0406,L017,C,400.62306306148935,54.98599903486558,60.172539118721126,100.265901320368,3,96.95153853976177
W0407,L017,A,400.81473651158615,49.98785817692021,59.75980080665004,100.0530543915455,5,96.22858730299184
W0408,L017,A,396.1697542725391,51.676981548903285,61.0070101146757,99.70307785770312,2,97.64269070404985
W0409,L017,C,396.7568303787752,50.16365871709513,60.31979494235653,99.46774270358634,5,96.07304555232729
W0410,L017,A,403.1594585599987,49.80222069361771,58.87204600239177,100.21597164694857,6,95.0155223627478
W0411,L017,A,399.88133453843005,51.83815296597554,59.521419096500075,100.07190128781141,5,96.5981047049217
W0412,L017,C,402.04450209211785,49.4194509116227,58.80596121479476,100.13317875908275,6,95.04701727554576
W0413,L017,C,400.08495512839136,50.534784628143804,61.6140107078979,100.19661125257059,4,96.75799444098416
W0414,L017,B,400.0892684184872,50.64339561239203,60.03196747300791,100.07966337825971,4,96.91427333843978
W0415,L017,B,402.81485141792797,48.6638190927139,62.85178602862951,101.08770653319577,3,94.88909371433384
W0416,L017,B,398.4518658153479,51.984084699073044,59.90900877927807,100.07514073425052,8,94.85632074216409
W0417,L017,A,400.28836233082296,49.650080486609184,58.93738984963431,99.80826392862976,2,97.13566865767554
W0418,L017,A,398.61317413388485,48.488509681014314,57.72942841108076,99.62128067172124,0,97.6661541770978
W0419,L017,B,398.696511317703,51.07301968714081,57.295290485616086,100.35247985226118,2,97.85245034263608
W0420,L017,C,399.0724836295941,48.20306403641793,57.62379608549177,100.05872985292014,5,95.85268460617712
W0421,L017,C,400.6664013149011,50.05636231473826,60.40068997651723,100.07443038364353,6,95.30749507506874
W0422,L017,C,398.56375413500956,49.98176200671159,60.7630875348449,99.78948437143941,2,97.38522871572984
W0423,L017,A,403.76726837672055,52.171791131663156,57.6282139469518,100.18882200741787,7,95.46620846424776
W0424,L017,B,397.3161780933415,50.949396465759904,61.342557471114176,100.50241412314857,4,96.02627875921667
W0425,L017,A,399.4393850675159,49.94994608250971,59.27540842247484,99.8025646734621,4,97.04626288098915
W0426,L018,B,398.68080682517746,51.63553259840057,60.220189517978326,100.67899553730605,1,97.50069318621478
W0427,L018,B,404.3409336530612,52.780415098034624,62.418330942383136,101.11690101011018,8,92.47061312800207
W0428,L018,C,400.58966432953474,51.11562061270372,61.345258973798295,100.19162145941796,2,97.10532076694493
W0429,L018,A,403.0955336184059,50.02070523968676,59.59720402814125,100.33311318045092,4,96.01934313378304
W0430,L018,A,395.5433188808891,47.37632753529968,58.66321166187707,99.48865805807826,7,94.97607014640862
W0431,L018,A,400.80115079760776,47.869772673849255,56.77227689800604,99.78064657187875,5,94.67436735806744
W0432,L018,C,402.6688923868703,49.389550591290664,58.92127002113637,99.79229967391531,3,98.17526446305725
W0433,L018,B,400.2468519678263,48.78097559568143,59.68330464175846,100.18351363151835,1,98.09529668962507
W0434,L018,A,403.19644112519603,49.62605739402911,58.519230709273224,99.846773850355,4,96.59056702238486
W0435,L018,A,398.4481346496989,50.11329984979422,59.803114549361545,99.94352375951716,5,96.77301236963017
W0436,L018,B,404.22804232055677,51.05938550871346,60.11527782443815,100.88964559054095,3,97.25425231775718
W0437,L018,A,406.89669437085774,49.85900244388182,59.662716027287885,100.59858611949,3,96.86706997890622
W0438,L018,C,398.911484318681,50.9730032876524,59.02499612876481,100.01000686624532,5,96.71239830874143
W0439,L018,B,398.6634924357977,50.12894882962024,60.252982007950095,100.27618649694062,1,97.78392121590343
W0440,L018,A,404.3601534313531,46.049066867292254,60.66291097435411,100.44358192856801,5,95.64693880903492
W0441,L018,A,404.7387164371921,48.12132921236249,58.364401383835734,99.90812518217867,2,97.25185249661195
W0442,L018,C,398.4314199185402,49.71182488855677,62.116398569619406,99.89241622799936,2,97.05784347774195
W0443,L018,A,398.7394395487124,47.58061051431778,59.852117801573606,99.9479351670285,1,97.64401515058445
W0444,L018,A,399.1546461734185,51.19985745999241,60.02827443441727,100.14158077195195,3,96.30482509148617
W0445,L018,C,395.96664846689714,53.0615016646874,61.06232163488484,99.68786213394573,5,95.83749883539237
W0446,L018,C,397.2440441605474,52.43752370339463,60.349824196895256,99.73030829720145,6,94.63403616802854
W0447,L018,C,396.9875776997438,49.57311425813958,61.42970495086987,99.4641894884919,4,96.15248564826214
W0448,L018,C,397.69660730468763,52.9814522736999,60.43068624780274,99.735448662161,4,96.36437309057204
W0449,L018,A,399.89594533783963,50.297334914404225,59.081343938039346,100.068433579728,4,96.69134735351976
W0450,L018,A,400.7026441976096,49.32582805776392,60.542255287809155,100.21609801530009,4,96.1796165966299
W0451,L019,C,404.65150147844224,48.77319467291812,58.284410689019005,100.07957838542143,0,99.94293612258454
W0452,L019,B,397.0049378777836,49.395060627023746,60.162839558664785,100.12174233350936,3,97.68396714987894
W0453,L019,B,402.9529671954298,49.22364636291754,59.95015501403331,100.55837799993152,4,95.40767515003982
W0454,L019,C,399.3580334673235,50.34083244475097,59.68782471409119,99.63934238852465,6,95.48364490994304
W0455,L019,A,399.8516088710427,50.32114796209973,59.807193732841604,100.1143920805279,3,96.70872643189786
W0456,L019,B,402.02445847649983,50.00609204030683,57.17722643175354,100.25760120001749,3,96.33363869662531
W0457,L019,A,396.6318339353131,50.873876339492696,59.17691263838856,99.75639629121503,3,96.18763951389607
W0458,L019,B,401.14722923855214,52.381292549572684,60.13926735171167,100.42472222924323,2,97.30644167028774
W0459,L019,A,400.4993566246392,51.89910827088265,60.2397845879961,99.69502734468288,2,96.89334269608466
W0460,L019,A,401.4773537920245,47.03020406310019,58.45848728861106,100.06354344223904,4,97.10766088132577
W0461,L019,A,400.86750593172343,44.89215773019609,61.89856176129705,100.04822512659771,1,98.48902095534795
W0462,L019,B,407.36590041973267,51.86863982247855,58.70073772767825,100.66686460276573,6,95.68671966928684
W0463,L019,B,398.08678004724607,47.26624260316916,61.45418580079011,100.42812776035235,6,94.86005330454013
W0464,L019,B,398.40700913499455,49.550469196214635,60.64079154280753,100.20756726383907,5,96.23860208873913
W0465,L019,C,398.1305784207257,47.659773947881284,59.030659035234294,99.72590585313195,3,97.13731413207948
W0466,L019,A,398.33356864251925,46.39603912483996,62.662966338914266,100.2015238157318,6,95.32108233356985
W0467,L019,A,398.08783861808047,51.082925456409576,58.20954475236528,99.80137408806266,5,95.62576292697875
W0468,L019,C,403.5670495933227,51.518310320605295,61.378731260415,100.07316988609365,5,96.96695646957559
W0469,L019,A,404.26151274396955,48.84697919854656,61.50087347706447,100.72882400979898,1,97.28915912610724
W0470,L019,C,398.2877611187516,44.81791541571018,58.99406968638503,99.48909682058441,3,96.85490006005716
W0471,L019,A,397.50293328068733,48.90751110349503,62.088697950096496,99.94424832172217,1,97.57205998015263
W0472,L019,C,401.41424666915924,50.7836080108051,59.62493022810157,99.97031729469752,4,96.05473852037593
W0473,L019,A,398.3433308671571,47.04217686245174,60.433040443919786,99.47544958193684,4,95.78581461107815
W0474,L019,C,401.89879545326653,50.366719839558314,60.39048275815683,100.14149372472302,2,97.36819683663737
W0475,L019,B,400.6087690625539,49.969380301654006,59.79853688779418,100.16773305895282,6,95.06661032584793
W0476,L020,C,395.4527676550083,51.158582999202174,61.216212409739676,99.39639033437678,7,94.62074599692694
W0477,L020,A,404.6425156039902,50.2391607368283,61.19023308082832,100.21693220287987,3,96.04542876250991
W0478,L020,B,405.38763301928657,48.053862118236886,57.37720204014273,100.63042842490515,5,94.93346217887888
W0479,L020,C,398.16163392854685,52.39314300332898,61.95651036431723,99.88365356936313,5,96.4458399073742
W0480,L020,B,398.83689532019207,49.68294085394606,57.50626201794649,100.25493683537061,1,98.0459710576942
W0481,L020,B,400.85759617217474,49.94539092098014,61.548819306512485,100.49566744557441,3,96.35926068261729
W0482,L020,B,401.0033703699611,48.13346408185361,61.69005770524137,100.23560888516286,3,96.35838718326609
W0483,L020,B,401.9756328180185,49.113435497616976,58.3635503546772,100.06177484494151,5,95.66216841030717
W0484,L020,B,406.03061361629904,48.2303945719462,59.383778568068124,100.95257667863187,2,96.27027386267109
W0485,L020,B,399.46915831751784,49.654107880153155,58.341442997271095,100.06694942589122,2,97.84191993475318
W0486,L020,C,397.60510826638466,53.42341696028469,59.6776184545669,99.61276792536921,1,98.04944435611522
W0487,L020,A,395.86204231595644,47.256197714137286,59.53794857372139,99.56320679071776,4,95.92758228112032
W0488,L020,A,397.80720988017424,46.77287720424652,61.16949079840401,99.96845854958332,2,96.98540404650758
W0489,L020,C,399.90061908137864,52.94234065498722,61.96546311917941,100.38965508364191,6,95.46633571856286
W0490,L020,C,405.38367359055337,49.58135264569627,62.093525716184935,100.80905739853593,7,93.96736363644396
W0491,L020,B,398.44716610289146,48.661854522680166,59.15674796013255,100.0124849499698,3,96.87589174060564
W0492,L020,B,400.6713638549167,52.079809374792156,59.686167189383205,100.16323391514668,3,97.61675734704251
W0493,L020,A,399.95073131178174,48.78876892052627,57.47484271166857,99.5740096657339,2,97.50236931316356
W0494,L020,A,403.56517982034427,53.652019427093876,58.79119490025572,100.30177445778763,4,96.41685780678057
W0495,L020,B,407.5807972776209,51.35585174267854,61.44727744964619,100.97806084320545,6,93.99036748759708
W0496,L020,A,398.40739368123906,49.024177183708595,62.42337423532235,99.94269153527006,3,97.18692812605941
W0497,L020,B,398.53168167244536,54.314616426531,58.14847669218012,100.20854780596315,2,97.88107127823797
W0498,L020,A,403.1324826312072,48.78857015399333,59.11130361127066,100.09788167815476,5,95.9447251533315
W0499,L020,C,402.04567446887893,51.48419074401861,59.96039136456161,100.05998604266058,3,97.75357379380065
W0500,L020,C,405.5401219772081,50.59858516081298,60.42024173822941,100.20989725464855,7,95.74449593918082
